id,publishedAt,channelId,title,channelTitle,tags,dimension,description,viewCount,likeCount,commentCount
T6uymZbt4eA,2022-06-19T14:15:12Z,UCFMEYTv6N64hIL9FlQ_hxBw,"2 Ng√†y 1 ƒê√™m Vi·ªát Nam | T·∫≠p 1: Tr∆∞·ªùng Giang ch∆°i chi√™u, Ki·ªÅu Minh Tu·∫•n r·ªõt h·∫øt &quot;sƒ© di·ªán&quot; v√¨ mi·∫øng ƒÉn",ƒê√îNG T√ÇY PROMOTION OFFICIAL,"['dong tay promotion', 'ƒë√¥ng t√¢y promotion', 'htv', 'tvshow', 'gameshow', '2 ng√†y 1 ƒë√™m', '2 ngay 1 dem', '2 ng√†y 1 ƒë√™m vi·ªát nam', '2 ngay 1 dem viet nam', '2 days 1 night', '2N1ƒê', 'ch∆∞∆°ng tr√¨nh th·ª±c t·∫ø 2022', 'game show m·ªõi nh·∫•t 2022', 'tr∆∞·ªùng giang', 'truong giang', 'ki·ªÅu minh tu·∫•n', 'kieu minh tuan', 'cris phan', 'd∆∞∆°ng l√¢m', 'l√™ d∆∞∆°ng b·∫£o l√¢m', 'ng√¥ ki·∫øn huy', 'ngo kien huy', 'duong lam', 'hieuthuhai', 'le duong bao lam', '2 ng√†y 1 ƒë√™m full', '2 ng√†y 1 ƒë√™m t·∫≠p 1', '2 ngay 1 dem tap 1', 't·∫≠p 1 2 ng√†y 1 ƒë√™m', 'tap 1 2 ngay 1 dem']",PT1H28M45S,"2 Ng√†y 1 ƒê√™m Vi·ªát Nam | T·∫≠p 1 FULL: Tr∆∞·ªùng Giang ch∆°i chi√™u, Ki·ªÅu Minh Tu·∫•n r·ªõt h·∫øt ""sƒ© di·ªán"" v√¨ mi·∫øng ƒÉn T·∫≠p ƒë·∫ßu ti√™n c·ªßa ...",22707380,176509,8039
nV6qE21NdGM,2020-03-16T15:15:03Z,UCFMEYTv6N64hIL9FlQ_hxBw,"7 N·ª• C∆∞·ªùi Xu√¢n | M√πa 3-T·∫≠p 17: Th√∫y Ng√¢n ∆∞·ªõt m·∫∑t v√¨ ƒë∆∞·ª£c Ti·∫øn Lu·∫≠t, D∆∞∆°ng L√¢m li√™n t·ª•c &quot;x·ªãt kho√°ng&quot;",ƒê√îNG T√ÇY PROMOTION OFFICIAL,"['dong tay promotion', 'ƒë√¥ng t√¢y promotion', '7 nu cuoi xuan', '7 n·ª• c∆∞·ªùi xu√¢n', '7 n·ª•', '7 n·ª• c∆∞·ªùi xu√¢n m√πa 3', '7 nu cuoi xuan tap 15', '7 nu cuoi xuan mua 3', 'm√πa 3 7 n·ª• c∆∞·ªùi xu√¢n', '7 n·ª• c∆∞·ªùi xu√¢n htv', 'ninh d∆∞∆°ng lan ng·ªçc', 'l√¢m v·ªπ d·∫°', 'th√∫y ng√¢n', 't·∫≠p 17 7 n·ª• c∆∞·ªùi xu√¢n', '7 n·ª• c∆∞·ªùi xu√¢n mua 3 tap 17', '7 n·ª• c∆∞·ªùi xu√¢n 17', '7 nu mua cuoi xuan mua 3 tap 17', '7 n·ª• t·∫≠p 17', '7 n·ª• c∆∞·ªùi xu√¢n t·∫≠p 17', 'st 7 n·ª• c∆∞·ªùi xu√¢n', 'l√™ d∆∞∆°ng b·∫£o l√¢m', 'l√™ d∆∞∆°ng b·∫£o l√¢m 7 n·ª• c∆∞·ªùi xu√¢n', '7 n·ª• c∆∞·ªùi xu√¢n le duong bao lam']",PT1H17M20S,XEM TH√äM #7_N·ª•_C∆∞·ªùi_Xu√¢n: http://bit.ly/7nuM3 #STS∆°nTh·∫°ch #L√™D∆∞∆°ngB·∫£oL√¢m #L√¢mV·ªπD·∫° #Ti·∫ønLu·∫≠t ...,21017884,129063,11612
IWYB_poQ-vE,2023-02-26T14:15:10Z,UCFMEYTv6N64hIL9FlQ_hxBw,"2 Ng√†y 1 ƒê√™m Vi·ªát Nam | T·∫≠p 31: Cris Phan ‚Äúl·∫≠t m·∫∑t‚Äù, D∆∞∆°ng L√¢m x√¢y x·∫©m ƒë√°nh m·∫•t t·ª± ch·ªß",ƒê√îNG T√ÇY PROMOTION OFFICIAL,"['dong tay promotion', 'ƒë√¥ng t√¢y promotion', 'htv', 'promotion', 'tvshow', 'gameshow', '2 ng√†y 1 ƒë√™m', '2 ngay 1 dem', '2 ng√†y 1 ƒë√™m vi·ªát nam', '2 ngay 1 dem viet nam', '2 days 1 night', '2N1ƒê', 'ch∆∞∆°ng tr√¨nh th·ª±c t·∫ø 2022', 'tr∆∞·ªùng giang', 'truong giang', 'ki·ªÅu minh tu·∫•n', 'kieu minh tuan', 'cris phan', 'd∆∞∆°ng l√¢m', 'l√™ d∆∞∆°ng b·∫£o l√¢m', 'ng√¥ ki·∫øn huy', 'ngo kien huy', 'hieuthuhai', '2 ng√†y 1 ƒë√™m t·∫≠p 31', '2 ngay 1 dem tap 31', 't·∫≠p 31 2 ng√†y 1 ƒë√™m', 'tap 31 2 ngay 1 dem', '2 ng√†y 1 ƒë√™m ful']",PT1H46M26S,"2 Ng√†y 1 ƒê√™m Vi·ªát Nam | T·∫≠p 31: Cris Phan ‚Äúl·∫≠t m·∫∑t‚Äù, D∆∞∆°ng L√¢m x√¢y x·∫©m ƒë√°nh m·∫•t t·ª± ch·ªß Hang T√°u ch√≠nh l√† ƒëi·ªÉm ƒë·∫øn cu·ªëi ...",17156806,105880,7441
DCLCl5NHZUs,2020-03-02T15:15:00Z,UCFMEYTv6N64hIL9FlQ_hxBw,"7 N·ª• C∆∞·ªùi Xu√¢n | M√πa 3 - T·∫≠p 15: X√≥m &quot;nh√† d∆°&quot; BB Tr·∫ßn, Ninh D∆∞∆°ng Lan Ng·ªçc, L√¢m V·ªπ D·∫° h·ªôi t·ª•",ƒê√îNG T√ÇY PROMOTION OFFICIAL,"['dong tay promotion', 'ƒë√¥ng t√¢y promotion', '7 nu cuoi xuan', '7 n·ª• c∆∞·ªùi xu√¢n', '7 n·ª•', '7 n·ª• c∆∞·ªùi xu√¢n m√πa 3', '7 nu cuoi xuan tap 15', '7 nu cuoi xuan mua 3', 'm√πa 3 7 n·ª• c∆∞·ªùi xu√¢n', '7 n·ª• c∆∞·ªùi xu√¢n htv', 't·∫≠p 15 7 n·ª• c∆∞·ªùi xu√¢n', '7 n·ª• c∆∞·ªùi xu√¢n mua 3 tap 15', 'ninh d∆∞∆°ng lan ng·ªçc', 'l√¢m v·ªπ d·∫°', '7 n·ª• c∆∞·ªùi xu√¢n 15', '7 n·ª• c∆∞·ªùi xu√¢n t·∫≠p 15', 'th√∫y ng√¢n', '7 n·ª• t·∫≠p 15', '7 nu mua cuoi xuan mua 3 tap 15', 'bb tr·∫ßn', '7 n·ª• c∆∞·ªùi xu√¢n bb tr·∫ßn', 'bb tran', 'bb tr·∫ßn 7 n·ª• c∆∞·ªùi xu√¢n', 'bb tr·∫ßn 7 n·ª•']",PT1H26M37S,XEM TH√äM #7_N·ª•_C∆∞·ªùi_Xu√¢n: http://bit.ly/7nuM3 #BBTr·∫ßn #NinhD∆∞∆°ngLanNg·ªçc #Th√∫yNg√¢n #Tr∆∞·ªùngGiang #L√¢mV·ªπD·∫° ...,16712651,88786,11351
RjsEOkEaK6Y,2020-03-23T15:15:00Z,UCFMEYTv6N64hIL9FlQ_hxBw,"7 N·ª• C∆∞·ªùi Xu√¢n | M√πa 3-T·∫≠p 18: Lan Ng·ªçc, Puka d√πng &quot;chi√™u hi·ªÉm&quot; ƒë·ªëi ƒë·∫ßu Ti·∫øn Lu·∫≠t, Tr∆∞∆°ng Th·∫ø Vinh",ƒê√îNG T√ÇY PROMOTION OFFICIAL,"['dong tay promotion', 'ƒë√¥ng t√¢y promotion', '7 nu cuoi xuan', '7 n·ª• c∆∞·ªùi xu√¢n', '7 n·ª•', '7 n·ª• c∆∞·ªùi xu√¢n m√πa 3', '7 nu cuoi xuan tap 15', '7 nu cuoi xuan mua 3', 'm√πa 3 7 n·ª• c∆∞·ªùi xu√¢n', '7 n·ª• c∆∞·ªùi xu√¢n htv', 'ninh d∆∞∆°ng lan ng·ªçc', 'l√¢m v·ªπ d·∫°', 'th√∫y ng√¢n', 't·∫≠p 18 7 n·ª• c∆∞·ªùi xu√¢n', '7 n·ª• c∆∞·ªùi xu√¢n 18', '7 nu mua cuoi xuan mua 3 tap 18', '7 n·ª• t·∫≠p 18', '7 n·ª• c∆∞·ªùi xu√¢n t·∫≠p 18', '7 n·ª• c∆∞·ªùi xu√¢n mua 3 tap 18', 'puka']",PT1H18M32S,XEM TH√äM #7_N·ª•_C∆∞·ªùi_Xu√¢n: http://bit.ly/7nuM3 #Puka #NinhD∆∞∆°ngLanNg·ªçc #L√¢mV·ªπD·∫° #Ti·∫ønLu·∫≠t #Th√∫yNg√¢n ...,15980615,79801,8566
spZV-B1rlZo,2022-06-26T14:15:15Z,UCFMEYTv6N64hIL9FlQ_hxBw,"2 Ng√†y 1 ƒê√™m Vi·ªát Nam|T·∫≠p 2: HIEUTHUHAI ƒë√≤i t·∫Øm chung v·ªõi Tr∆∞·ªùng Giang,ch·ªõp c∆° h·ªôi th·∫£ th√≠nh Ti·ªÉu Vy",ƒê√îNG T√ÇY PROMOTION OFFICIAL,"['dong tay promotion', 'ƒë√¥ng t√¢y promotion', 'htv', 'tvshow', 'gameshow', '2 ng√†y 1 ƒë√™m', '2 ngay 1 dem', '2 ng√†y 1 ƒë√™m vi·ªát nam', '2 ngay 1 dem viet nam', '2 days 1 night', '2N1ƒê', 'ch∆∞∆°ng tr√¨nh th·ª±c t·∫ø 2022', 'game show m·ªõi nh·∫•t 2022', 'tr∆∞·ªùng giang', 'truong giang', 'ki·ªÅu minh tu·∫•n', 'kieu minh tuan', 'cris phan', 'd∆∞∆°ng l√¢m', 'l√™ d∆∞∆°ng b·∫£o l√¢m', 'ng√¥ ki·∫øn huy', 'ngo kien huy', 'hieuthuhai', 'le duong bao lam', '2 ng√†y 1 ƒë√™m full', '2 ng√†y 1 ƒë√™m t·∫≠p 2', '2 ngay 1 dem tap 2', 't·∫≠p 2 2 ng√†y 1 ƒë√™m', 'tap 2 2 ngay 1 dem', 'ti·ªÉu vy']",PT1H28M51S,"2 Ng√†y 1 ƒê√™m Vi·ªát Nam | T·∫≠p 2: HIEUTHUHAI ƒë√≤i t·∫Øm chung v·ªõi Tr∆∞·ªùng Giang, ch·ªõp c∆° h·ªôi th·∫£ th√≠nh Ti·ªÉu Vy #2Ngay1Dem tu·∫ßn ...",15299026,126187,5549
6eEpCq34XMo,2021-05-05T14:30:00Z,UCFMEYTv6N64hIL9FlQ_hxBw,"L·∫° L·∫Øm √Ä Nha | T·∫≠p 11: Tr∆∞·ªùng Giang, Ph·∫°m Tr∆∞·ªüng &quot;m·ªát m·ªèi&quot; v·ªõi 7749 l·∫ßn tr∆∞·ª£t nh·ªãp c·ªßa M·∫°c VƒÉn Khoa",ƒê√îNG T√ÇY PROMOTION OFFICIAL,"['dong tay promotion', 'ƒë√¥ng t√¢y promotion', 'htv', 'l·∫° l·∫Øm √† nha', 'la lam a nha', 'l·∫° l·∫Øm √† nha t·∫≠p 11', 'la lam a nha tap 11', 'the wall song', 'the wall song vietnam', 'game show 2021', 'game show m·ªõi nh·∫•t', 'truong giang', 'tr∆∞·ªùng giang', 'la lam a nha 11', 'l·∫° l·∫Øm √† nghen', 'l·∫° l·∫Øm √† nha 11', 't√¢p 11 l·∫° l·∫Øm √† nha', 'l·∫° l·∫Øm √† nha vtv3', 'm·∫°c vƒÉn khoa', 'mac van khoa', 'kha ly', 'ph·∫°m tr∆∞·ªüng', 'pham truong', 't√∫ vi', 'tu vi', 'ch√¢u kh·∫£i phong', 'chau khai phong', 'l√¢m ch·∫•n khang', 'lam chan khang']",PT1H24M8S,"Xem th√™m #L·∫°L·∫Øm√ÄNha http://bit.ly/LaLamANhaFULL ‚ÄúL·∫° L·∫Øm √Ä Nha‚Äù ‚Äì m·ªôt ch∆∞∆°ng tr√¨nh k·∫øt h·ª£p gi·ªØa √¢m nh·∫°c, kh·∫£ nƒÉng ...",15104627,84336,12990
oJd2m9_lkRc,2022-12-18T14:15:08Z,UCFMEYTv6N64hIL9FlQ_hxBw,"2 Ng√†y 1 ƒê√™m Vi·ªát Nam | T·∫≠p 21: D∆∞∆°ng L√¢m l√†m xi·∫øc l·ªôn ƒë·∫ßu, Ng√¥ Ki·∫øn Huy ƒëu zipline ƒëi &quot;th·ªânh kinh&quot;",ƒê√îNG T√ÇY PROMOTION OFFICIAL,"['dong tay promotion', 'ƒë√¥ng t√¢y promotion', 'htv', 'tvshow', 'gameshow', '2 ng√†y 1 ƒë√™m', '2 ngay 1 dem', '2 ng√†y 1 ƒë√™m vi·ªát nam', '2 ngay 1 dem viet nam', '2 days 1 night', '2N1ƒê', 'ch∆∞∆°ng tr√¨nh th·ª±c t·∫ø 2022', 'tr∆∞·ªùng giang', 'truong giang', 'ki·ªÅu minh tu·∫•n', 'kieu minh tuan', 'cris phan', 'd∆∞∆°ng l√¢m', 'l√™ d∆∞∆°ng b·∫£o l√¢m', 'ng√¥ ki·∫øn huy', 'ngo kien huy', 'hieuthuhai', '2 ng√†y 1 ƒë√™m t·∫≠p 21', '2 ngay 1 dem tap 21', 't·∫≠p 21 2 ng√†y 1 ƒë√™m', 'tap 21 2 ngay 1 dem', '2 ng√†y 1 ƒë√™m full', 'ph√∫c m·∫≠p', 'jongrak', 'will in vietnam', 'will']",PT1H42M14S,"2 Ng√†y 1 ƒê√™m Vi·ªát Nam | T·∫≠p 21: D∆∞∆°ng L√¢m l√†m xi·∫øc l·ªôn ƒë·∫ßu, Ng√¥ Ki·∫øn Huy ƒëu zipline ƒëi ""th·ªânh kinh"" 2 Ng√†y 1 ƒê√™m ƒë√£ quay ...",14795964,105041,5978
N3XAPIJ2hG0,2020-02-03T15:15:01Z,UCFMEYTv6N64hIL9FlQ_hxBw,7 N·ª• C∆∞·ªùi Xu√¢n |M√πa 3-T·∫≠p 11: C∆∞·ªùi m·ªát v·ªõi c√°ch Cris Devil Gamer &quot;ch·ªëng th√≠nh&quot; khi Th√∫y Ng√¢n t·ªè t√¨nh,ƒê√îNG T√ÇY PROMOTION OFFICIAL,"['dong tay promotion', 'ƒë√¥ng t√¢y promotion', '7 nu cuoi xuan', '7 n·ª• c∆∞·ªùi xu√¢n', '7 n·ª•', '7 n·ª• c∆∞·ªùi xu√¢n m√πa 3', '7 nu cuoi xuan mua 3', 'm√πa 3 7 n·ª• c∆∞·ªùi xu√¢n', 'tr∆∞·ªùng giang', '7 n·ª• c∆∞·ªùi xu√¢n htv', 'lan ng·ªçc', 'ninh d∆∞∆°ng lan ng·ªçc', 'l√¢m v·ªπ d·∫°', 'th√∫y ng√¢n', 'ninh duong lan ngoc', 'ti·∫øn lu·∫≠t', 'tr∆∞∆°ng th·∫ø vinh', '7 n·ª• c∆∞·ªùi xu√¢n 11', 't·∫≠p 11 7 n·ª• c∆∞·ªùi xu√¢n', '7 nu cuoi xuan tap 11', '7 n·ª• c∆∞·ªùi xu√¢n t·∫≠p 11', '7 n·ª• c∆∞·ªùi xu√¢n mua 3 tap 11', '7 nu mua cuoi xuan mua 3 tap 11', '7 n·ª• t·∫≠p 11', 'cris devil gamer', 'cris phan']",PT1H21M59S,XEM TH√äM #7_N·ª•_C∆∞·ªùi_Xu√¢n: http://bit.ly/7nuM3 #CrisDevilGamer #Th√∫yNg√¢n #Tr∆∞·ªùngGiang #LanNg·ªçc #L√¢mV·ªπD·∫° ...,14782770,82358,4730
i2D_sCDY5Io,2018-12-24T15:00:09Z,UCFMEYTv6N64hIL9FlQ_hxBw,7 N·ª• C∆∞·ªùi Xu√¢n M√πa 2 | T·∫≠p 6 Full HD: Nh√† B·∫£y N·ª• R·ª•ng N·ª• Tr∆∞·ªõc Gi·ªçng Ca Tr·ªùi Ph√∫ C·ªßa Puka,ƒê√îNG T√ÇY PROMOTION OFFICIAL,"['dong tay promotion', 'ƒë√¥ng t√¢y promotion', 'htv', '7 n·ª•', '7 nu', '7 n·ª• c∆∞·ªùi xu√¢n', '7 nu cuoi xuan', 'bay nu cuoi xuan', 'b·∫£y n·ª• c∆∞·ªùi xu√¢n', 'TR∆Ø·ªúNG GIANG', 'TI·∫æN LU·∫¨T', 'TR∆Ø∆†NG TH·∫æ VINH', 'L√ÇM V·ª∏ D·∫†', 'tien luat', 'truong giang', 'lam vy da', '7ncx', 'truong the vinh', '7 nu cuoi xuan mua 2', '7 n·ª• c∆∞·ªùi xu√¢n m√πa 2', 'Ninh Duong Lan Ngoc', 'Ninh D∆∞∆°ng Lan Ngoc', '7 Nu Cuoi Xuan Tap 6', '7 Nu Cuoi Xuan Mua 2 Tap 6', '7 N·ª• C∆∞·ªùi Xu√¢n M√πa 2 T·∫≠p 6', '7 nu cuoi xuan 6', '7 N·ª• c∆∞·ªùi xu√¢n 6']",PT1H15M26S,HTV 7 N·ª• C∆∞·ªùi Xu√¢n M√πa 2 | T·∫≠p 6 Full HD: Nh√† B·∫£y N·ª• R·ª•ng N·ª• Tr∆∞·ªõc Gi·ªçng Ca Tr·ªùi Ph√∫ C·ªßa Puka Xem th√™m t·∫°i: ...,14629743,55444,5364
xa4zMakmk0E,2022-12-21T14:15:10Z,UCljFFNaQoJWeP91Bz4m_3bw,T√åNH Y√äU B·∫§T T·ª¨ - B·ª®C T∆Ø·ªúNG | FPT B√ìNG ƒê√Å VI·ªÜT,FPT B√≥ng ƒê√° Vi·ªát,"['dong tay promotion', 'ƒë√¥ng t√¢y promotion', 'htv', '7 n·ª•', '7 nu', '7 n·ª• c∆∞·ªùi xu√¢n', '7 nu cuoi xuan', 'bay nu cuoi xuan', 'b·∫£y n·ª• c∆∞·ªùi xu√¢n', 'TR∆Ø·ªúNG GIANG', 'TI·∫æN LU·∫¨T', 'TR∆Ø∆†NG TH·∫æ VINH', 'L√ÇM V·ª∏ D·∫†', 'tien luat', 'truong giang', 'lam vy da', '7ncx', 'truong the vinh', '7 nu cuoi xuan mua 2', '7 n·ª• c∆∞·ªùi xu√¢n m√πa 2', 'Ninh Duong Lan Ngoc', 'Ninh D∆∞∆°ng Lan Ngoc', '7 Nu Cuoi Xuan Tap 6', '7 Nu Cuoi Xuan Mua 2 Tap 6', '7 N·ª• C∆∞·ªùi Xu√¢n M√πa 2 T·∫≠p 6', '7 nu cuoi xuan 6', '7 N·ª• c∆∞·ªùi xu√¢n 6']",PT1H15M26S,Qu√Ω kh√°n gi·∫£ ƒë·ª´ng qu√™n SUBSCRIBE: https://bit.ly/FPTBongDaViet T√¨nh y√™u b·∫•t t·ª≠‚Äù l√† m√≥n qu√† c·ªßa nh·∫°c sƒ© Tu·∫•n H√πng d√†nh ...,5625822,180,6
_uwDdc0D_h8,2022-06-12T18:10:07Z,UCljFFNaQoJWeP91Bz4m_3bw,üî¥ TR·ª∞C TI·∫æP U23 VI·ªÜT NAM VS U23 ·∫¢ R·∫¨P X√ä √öT (B·∫¢N CH√çNH TH·ª®C) | CHUNG K·∫æT AFC U23 CH√ÇU √Å  - ASIAN CUP,FPT B√≥ng ƒê√° Vi·ªát,"['dong tay promotion', 'ƒë√¥ng t√¢y promotion', 'htv', '7 n·ª•', '7 nu', '7 n·ª• c∆∞·ªùi xu√¢n', '7 nu cuoi xuan', 'bay nu cuoi xuan', 'b·∫£y n·ª• c∆∞·ªùi xu√¢n', 'TR∆Ø·ªúNG GIANG', 'TI·∫æN LU·∫¨T', 'TR∆Ø∆†NG TH·∫æ VINH', 'L√ÇM V·ª∏ D·∫†', 'tien luat', 'truong giang', 'lam vy da', '7ncx', 'truong the vinh', '7 nu cuoi xuan mua 2', '7 n·ª• c∆∞·ªùi xu√¢n m√πa 2', 'Ninh Duong Lan Ngoc', 'Ninh D∆∞∆°ng Lan Ngoc', '7 Nu Cuoi Xuan Tap 6', '7 Nu Cuoi Xuan Mua 2 Tap 6', '7 N·ª• C∆∞·ªùi Xu√¢n M√πa 2 T·∫≠p 6', '7 nu cuoi xuan 6', '7 N·ª• c∆∞·ªùi xu√¢n 6']",PT1H15M26S,Qu√Ω kh√°n gi·∫£ ƒë·ª´ng qu√™n SUBSCRIBE: https://www.youtube.com/c/FPTB√≥ngƒê√°Vi·ªát TR·ª∞C TI·∫æP U23 VI·ªÜT NAM - U23 ·∫¢ R·∫¨P ...,0,0,0
8qM6f9ysmPk,2023-06-20T14:48:22Z,UCljFFNaQoJWeP91Bz4m_3bw,üî¥TR·ª∞C TI·∫æP: VI·ªÜT NAM - SYRIA | GIAO H·ªÆU QU·ªêC T·∫æ | FPT B√ìNG ƒê√Å VI·ªÜT,FPT B√≥ng ƒê√° Vi·ªát,"['dong tay promotion', 'ƒë√¥ng t√¢y promotion', 'htv', '7 n·ª•', '7 nu', '7 n·ª• c∆∞·ªùi xu√¢n', '7 nu cuoi xuan', 'bay nu cuoi xuan', 'b·∫£y n·ª• c∆∞·ªùi xu√¢n', 'TR∆Ø·ªúNG GIANG', 'TI·∫æN LU·∫¨T', 'TR∆Ø∆†NG TH·∫æ VINH', 'L√ÇM V·ª∏ D·∫†', 'tien luat', 'truong giang', 'lam vy da', '7ncx', 'truong the vinh', '7 nu cuoi xuan mua 2', '7 n·ª• c∆∞·ªùi xu√¢n m√πa 2', 'Ninh Duong Lan Ngoc', 'Ninh D∆∞∆°ng Lan Ngoc', '7 Nu Cuoi Xuan Tap 6', '7 Nu Cuoi Xuan Mua 2 Tap 6', '7 N·ª• C∆∞·ªùi Xu√¢n M√πa 2 T·∫≠p 6', '7 nu cuoi xuan 6', '7 N·ª• c∆∞·ªùi xu√¢n 6']",PT1H15M26S,Qu√Ω kh√°n gi·∫£ ƒë·ª´ng qu√™n SUBSCRIBE: https://bit.ly/FPTBongDaViet TR·ª∞C TI·∫æP: VI·ªÜT NAM - HONG KONG | GIAO H·ªÆU QU·ªêC ...,0,0,0
ixy4fzoToFI,2023-01-16T15:13:38Z,UCljFFNaQoJWeP91Bz4m_3bw,üî¥TR·ª∞C TI·∫æP: TH√ÅI LAN - VI·ªÜT NAM | CHUNG K·∫æT L∆Ø·ª¢T V·ªÄ AFF MITSUBISHI ELECTRIC CUP 2022,FPT B√≥ng ƒê√° Vi·ªát,"['dong tay promotion', 'ƒë√¥ng t√¢y promotion', 'htv', '7 n·ª•', '7 nu', '7 n·ª• c∆∞·ªùi xu√¢n', '7 nu cuoi xuan', 'bay nu cuoi xuan', 'b·∫£y n·ª• c∆∞·ªùi xu√¢n', 'TR∆Ø·ªúNG GIANG', 'TI·∫æN LU·∫¨T', 'TR∆Ø∆†NG TH·∫æ VINH', 'L√ÇM V·ª∏ D·∫†', 'tien luat', 'truong giang', 'lam vy da', '7ncx', 'truong the vinh', '7 nu cuoi xuan mua 2', '7 n·ª• c∆∞·ªùi xu√¢n m√πa 2', 'Ninh Duong Lan Ngoc', 'Ninh D∆∞∆°ng Lan Ngoc', '7 Nu Cuoi Xuan Tap 6', '7 Nu Cuoi Xuan Mua 2 Tap 6', '7 N·ª• C∆∞·ªùi Xu√¢n M√πa 2 T·∫≠p 6', '7 nu cuoi xuan 6', '7 N·ª• c∆∞·ªùi xu√¢n 6']",PT1H15M26S,Qu√Ω kh√°n gi·∫£ ƒë·ª´ng qu√™n SUBSCRIBE: https://bit.ly/FPTBongDaViet TR·ª∞C TI·∫æP: TH√ÅI LAN - VI·ªÜT NAM | CHUNG K·∫æT L∆Ø·ª¢T ...,4709454,21332,372
ZxE0MYaBfFk,2023-06-24T18:42:46Z,UCljFFNaQoJWeP91Bz4m_3bw,"HIGHLIGHTS: ƒê·ªòI TUY·ªÇN N·ªÆ ƒê·ª®C - ƒê·ªòI TUY·ªÇN N·ªÆ VI·ªÜT NAM | THI ƒê·∫§U S√íNG PH·∫≤NG,V·ª† √íA NH·ªÆNG PH√öT CU·ªêI TR·∫¨N",FPT B√≥ng ƒê√° Vi·ªát,"['dong tay promotion', 'ƒë√¥ng t√¢y promotion', 'htv', '7 n·ª•', '7 nu', '7 n·ª• c∆∞·ªùi xu√¢n', '7 nu cuoi xuan', 'bay nu cuoi xuan', 'b·∫£y n·ª• c∆∞·ªùi xu√¢n', 'TR∆Ø·ªúNG GIANG', 'TI·∫æN LU·∫¨T', 'TR∆Ø∆†NG TH·∫æ VINH', 'L√ÇM V·ª∏ D·∫†', 'tien luat', 'truong giang', 'lam vy da', '7ncx', 'truong the vinh', '7 nu cuoi xuan mua 2', '7 n·ª• c∆∞·ªùi xu√¢n m√πa 2', 'Ninh Duong Lan Ngoc', 'Ninh D∆∞∆°ng Lan Ngoc', '7 Nu Cuoi Xuan Tap 6', '7 Nu Cuoi Xuan Mua 2 Tap 6', '7 N·ª• C∆∞·ªùi Xu√¢n M√πa 2 T·∫≠p 6', '7 nu cuoi xuan 6', '7 N·ª• c∆∞·ªùi xu√¢n 6']",PT1H15M26S,Qu√Ω kh√°n gi·∫£ ƒë·ª´ng qu√™n SUBSCRIBE: https://bit.ly/FPTBongDaViet Li√™n h·ªá Qu·∫£ng c√°o/H·ª£p T√°c: fptplaybooking@gmail.com ...,0,0,0
Vm5_zYInbH4,2023-06-15T14:58:02Z,UCljFFNaQoJWeP91Bz4m_3bw,üî¥TR·ª∞C TI·∫æP: VI·ªÜT NAM - HONG KONG | GIAO H·ªÆU QU·ªêC T·∫æ | FPT B√ìNG ƒê√Å VI·ªÜT,FPT B√≥ng ƒê√° Vi·ªát,"['dong tay promotion', 'ƒë√¥ng t√¢y promotion', 'htv', '7 n·ª•', '7 nu', '7 n·ª• c∆∞·ªùi xu√¢n', '7 nu cuoi xuan', 'bay nu cuoi xuan', 'b·∫£y n·ª• c∆∞·ªùi xu√¢n', 'TR∆Ø·ªúNG GIANG', 'TI·∫æN LU·∫¨T', 'TR∆Ø∆†NG TH·∫æ VINH', 'L√ÇM V·ª∏ D·∫†', 'tien luat', 'truong giang', 'lam vy da', '7ncx', 'truong the vinh', '7 nu cuoi xuan mua 2', '7 n·ª• c∆∞·ªùi xu√¢n m√πa 2', 'Ninh Duong Lan Ngoc', 'Ninh D∆∞∆°ng Lan Ngoc', '7 Nu Cuoi Xuan Tap 6', '7 Nu Cuoi Xuan Mua 2 Tap 6', '7 N·ª• C∆∞·ªùi Xu√¢n M√πa 2 T·∫≠p 6', '7 nu cuoi xuan 6', '7 N·ª• c∆∞·ªùi xu√¢n 6']",PT1H15M26S,Qu√Ω kh√°n gi·∫£ ƒë·ª´ng qu√™n SUBSCRIBE: https://bit.ly/FPTBongDaViet TR·ª∞C TI·∫æP: VI·ªÜT NAM - HONG KONG | GIAO H·ªÆU QU·ªêC ...,0,0,0
WvQ-d5_0kUE,2023-11-16T13:11:05Z,UCljFFNaQoJWeP91Bz4m_3bw,üî¥TR·ª∞C TI·∫æP: PHILIPPINES - VI·ªÜT NAM | B·∫¢NG F - V√íNG LO·∫†I 2 WORLD CUP 2026 | FPT B√ìNG ƒê√Å VI·ªÜT,FPT B√≥ng ƒê√° Vi·ªát,"['dong tay promotion', 'ƒë√¥ng t√¢y promotion', 'htv', '7 n·ª•', '7 nu', '7 n·ª• c∆∞·ªùi xu√¢n', '7 nu cuoi xuan', 'bay nu cuoi xuan', 'b·∫£y n·ª• c∆∞·ªùi xu√¢n', 'TR∆Ø·ªúNG GIANG', 'TI·∫æN LU·∫¨T', 'TR∆Ø∆†NG TH·∫æ VINH', 'L√ÇM V·ª∏ D·∫†', 'tien luat', 'truong giang', 'lam vy da', '7ncx', 'truong the vinh', '7 nu cuoi xuan mua 2', '7 n·ª• c∆∞·ªùi xu√¢n m√πa 2', 'Ninh Duong Lan Ngoc', 'Ninh D∆∞∆°ng Lan Ngoc', '7 Nu Cuoi Xuan Tap 6', '7 Nu Cuoi Xuan Mua 2 Tap 6', '7 N·ª• C∆∞·ªùi Xu√¢n M√πa 2 T·∫≠p 6', '7 nu cuoi xuan 6', '7 N·ª• c∆∞·ªùi xu√¢n 6']",PT1H15M26S,"Qu√Ω kh√°n gi·∫£ ƒë·ª´ng qu√™n SUBSCRIBE: https://bit.ly/FPTBongDaViet ƒê·ªìng h√†nh v·ªõi h√†nh tr√¨nh c·ªßa c√°c Chi·∫øn Binh Sao V√†ng, ...",3238866,0,267
D1HDkUmuE2E,2023-05-16T16:15:38Z,UCljFFNaQoJWeP91Bz4m_3bw,üî¥TR·ª∞C TI·∫æP: U22 TH√ÅI LAN - U22 INDONESIA | CHUNG K·∫æT B√ìNG ƒê√Å NAM SEA GAMES 32 | FPT B√ìNG ƒê√Å VI·ªÜT,FPT B√≥ng ƒê√° Vi·ªát,"['fpt b√≥ng ƒë√° vi·ªát', 'tr·ª±c ti·∫øp b√≥ng ƒë√° nam th√°i lan indonesia', 'tr·ª±c ti·∫øp indonesia vs th√°i lan', 'th√°i lan vs indonesia', 'th√°i lan - indonesia', 'th√°i indo', 'tr·ª±c ti·∫øp th√°i indo', 'tr·ª±c ti·∫øp u22 th√°i lan u22 indonesia', 'tr·ª±c ti·∫øp u22 th√°i u22 indo', 'u22 th√°i u22 indo', 'th√°i lan indo', 'tr·ª±c ti·∫øp b√≥ng ƒë√° nam sea games', 'tr·ª±c ti·∫øp b√≥ng ƒë√°', 'tr·ª±c ti·∫øp th√°i lan indonesia', 'tr·ª±c ti·∫øp th√°i lan - indonesia', 'tr·ª±c ti·∫øp u22 th√°i lan - u22 indonesia', 'tr·ª±c ti·∫øp u22 th√°i lan vs u22 indonesia']",PT3H46M35S,Qu√Ω kh√°n gi·∫£ ƒë·ª´ng qu√™n SUBSCRIBE: https://bit.ly/FPTBongDaViet TR·ª∞C TI·∫æP: U22 TH√ÅI LAN - U22 INDONESIA | CHUNG ...,0,0,0
zycjlXugREE,2022-02-26T15:52:48Z,UCljFFNaQoJWeP91Bz4m_3bw,H√ÄNH TR√åNH V√î ƒê·ªäCH C·ª¶A U23 VI·ªÜT NAM | AFF U23 CHAMPIONSHIP 2022,FPT B√≥ng ƒê√° Vi·ªát,"['fpt b√≥ng ƒë√° vi·ªát', 'tr·ª±c ti·∫øp b√≥ng ƒë√° nam th√°i lan indonesia', 'tr·ª±c ti·∫øp indonesia vs th√°i lan', 'th√°i lan vs indonesia', 'th√°i lan - indonesia', 'th√°i indo', 'tr·ª±c ti·∫øp th√°i indo', 'tr·ª±c ti·∫øp u22 th√°i lan u22 indonesia', 'tr·ª±c ti·∫øp u22 th√°i u22 indo', 'u22 th√°i u22 indo', 'th√°i lan indo', 'tr·ª±c ti·∫øp b√≥ng ƒë√° nam sea games', 'tr·ª±c ti·∫øp b√≥ng ƒë√°', 'tr·ª±c ti·∫øp th√°i lan indonesia', 'tr·ª±c ti·∫øp th√°i lan - indonesia', 'tr·ª±c ti·∫øp u22 th√°i lan - u22 indonesia', 'tr·ª±c ti·∫øp u22 th√°i lan vs u22 indonesia']",PT3H46M35S,ƒêƒÉng k√Ω k√™nh t·∫°i ƒë√¢y: https://www.youtube.com/channel/UCljFFNaQoJWeP91Bz4m_3bw?sub_confirmation=1 *** Qu√Ω kh√°n gi·∫£ ...,2843376,8190,446
nIMRK-LA8j8,2022-09-28T13:34:14Z,UCljFFNaQoJWeP91Bz4m_3bw,"VI·ªÜT NAM - H√ÄN QU·ªêC | H·ªí VƒÇN √ù L·∫†I R·ª∞C S√ÅNG, VI·ªÜT NAM ƒê·ªî ‚ÄúM∆ØA B√ÄN TH·∫ÆNG&quot; | AFC FUTSAL ASIAN CUP 2022",FPT B√≥ng ƒê√° Vi·ªát,"['ƒë·ªôi tuy·ªÉn vi·ªát nam', 'vi·ªát nam vs h√†n qu·ªëc', 'futsal vi·ªát nam', 'futsal vi·ªát nam vs futsal h√†n qu·ªëc', 'b√≥ng ƒë√° vi·ªát nam', 'tr·ª±c ti·∫øp futsal vi·ªát nam vs futsal h√†n qu·ªëc', 'u23 vi·ªát nam', 'tr·ª±c ti·∫øp vi·ªát nam vs h√†n qu·ªëc', 'futsal h√†n qu·ªëc vs futsal vi·ªát nam', 'vi·ªát nam', 'tr·ª±c ti·∫øp vi·ªát nam vs h√†n qu·ªëc futsal', 'tr·ª±c ti·∫øp futsal h√†n qu·ªëc vs futsal vi·ªát nam', 'ƒët futsal vi·ªát nam', 'h√†n qu·ªëc vs vi·ªát nam', 'tr·ª±c ti·∫øp h√†n qu·ªëc vs vi·ªát nam', 'futsal', 'soi k√®o h√†n qu·ªëc vs vi·ªát nam 28/9/2022', 'h√†n qu·ªëc']",PT11M30S,Qu√Ω kh√°n gi·∫£ ƒë·ª´ng qu√™n SUBSCRIBE: https://www.youtube.com/c/FPTB√≥ngƒê√°Vi·ªát VI·ªÜT NAM - H√ÄN QU·ªêC | H·ªí VƒÇN √ù L·∫†I R·ª∞C ...,0,0,0
jCHDHuO5Pq8,2023-05-07T08:00:30Z,UCsSsgPaZ2GSmO6il8Cb5iGA,skibidi toilet 17,DaFuq!?Boom!,"['ƒë·ªôi tuy·ªÉn vi·ªát nam', 'vi·ªát nam vs h√†n qu·ªëc', 'futsal vi·ªát nam', 'futsal vi·ªát nam vs futsal h√†n qu·ªëc', 'b√≥ng ƒë√° vi·ªát nam', 'tr·ª±c ti·∫øp futsal vi·ªát nam vs futsal h√†n qu·ªëc', 'u23 vi·ªát nam', 'tr·ª±c ti·∫øp vi·ªát nam vs h√†n qu·ªëc', 'futsal h√†n qu·ªëc vs futsal vi·ªát nam', 'vi·ªát nam', 'tr·ª±c ti·∫øp vi·ªát nam vs h√†n qu·ªëc futsal', 'tr·ª±c ti·∫øp futsal h√†n qu·ªëc vs futsal vi·ªát nam', 'ƒët futsal vi·ªát nam', 'h√†n qu·ªëc vs vi·ªát nam', 'tr·ª±c ti·∫øp h√†n qu·ªëc vs vi·ªát nam', 'futsal', 'soi k√®o h√†n qu·ªëc vs vi·ªát nam 28/9/2022', 'h√†n qu·ªëc']",PT11M30S,skibidi bosses gather. will cameramen succeed? skibidi dop dop dop yes yes credits: suits ...,0,0,0
d9z9J4Wz6Ns,2023-05-17T08:40:00Z,UCsSsgPaZ2GSmO6il8Cb5iGA,skibidi toilet 24,DaFuq!?Boom!,"['ƒë·ªôi tuy·ªÉn vi·ªát nam', 'vi·ªát nam vs h√†n qu·ªëc', 'futsal vi·ªát nam', 'futsal vi·ªát nam vs futsal h√†n qu·ªëc', 'b√≥ng ƒë√° vi·ªát nam', 'tr·ª±c ti·∫øp futsal vi·ªát nam vs futsal h√†n qu·ªëc', 'u23 vi·ªát nam', 'tr·ª±c ti·∫øp vi·ªát nam vs h√†n qu·ªëc', 'futsal h√†n qu·ªëc vs futsal vi·ªát nam', 'vi·ªát nam', 'tr·ª±c ti·∫øp vi·ªát nam vs h√†n qu·ªëc futsal', 'tr·ª±c ti·∫øp futsal h√†n qu·ªëc vs futsal vi·ªát nam', 'ƒët futsal vi·ªát nam', 'h√†n qu·ªëc vs vi·ªát nam', 'tr·ª±c ti·∫øp h√†n qu·ªëc vs vi·ªát nam', 'futsal', 'soi k√®o h√†n qu·ªëc vs vi·ªát nam 28/9/2022', 'h√†n qu·ªëc']",PT11M30S,a new fraction has joined the battle skibidi dop dop dop yes yes Respectful assets used in the video: map ...,0,0,0
RzBLcKXIlDk,2023-05-19T17:40:00Z,UCsSsgPaZ2GSmO6il8Cb5iGA,skibidi toilet 26,DaFuq!?Boom!,"['ƒë·ªôi tuy·ªÉn vi·ªát nam', 'vi·ªát nam vs h√†n qu·ªëc', 'futsal vi·ªát nam', 'futsal vi·ªát nam vs futsal h√†n qu·ªëc', 'b√≥ng ƒë√° vi·ªát nam', 'tr·ª±c ti·∫øp futsal vi·ªát nam vs futsal h√†n qu·ªëc', 'u23 vi·ªát nam', 'tr·ª±c ti·∫øp vi·ªát nam vs h√†n qu·ªëc', 'futsal h√†n qu·ªëc vs futsal vi·ªát nam', 'vi·ªát nam', 'tr·ª±c ti·∫øp vi·ªát nam vs h√†n qu·ªëc futsal', 'tr·ª±c ti·∫øp futsal h√†n qu·ªëc vs futsal vi·ªát nam', 'ƒët futsal vi·ªát nam', 'h√†n qu·ªëc vs vi·ªát nam', 'tr·ª±c ti·∫øp h√†n qu·ªëc vs vi·ªát nam', 'futsal', 'soi k√®o h√†n qu·ªëc vs vi·ªát nam 28/9/2022', 'h√†n qu·ªëc']",PT11M30S,meet the titan speakerman skibidi dop dop dop yes yes Respectful assets used in the video: map ...,0,0,0
HCkpPXrZ7x4,2023-05-10T08:00:07Z,UCsSsgPaZ2GSmO6il8Cb5iGA,skibidi toilet 19,DaFuq!?Boom!,"['ƒë·ªôi tuy·ªÉn vi·ªát nam', 'vi·ªát nam vs h√†n qu·ªëc', 'futsal vi·ªát nam', 'futsal vi·ªát nam vs futsal h√†n qu·ªëc', 'b√≥ng ƒë√° vi·ªát nam', 'tr·ª±c ti·∫øp futsal vi·ªát nam vs futsal h√†n qu·ªëc', 'u23 vi·ªát nam', 'tr·ª±c ti·∫øp vi·ªát nam vs h√†n qu·ªëc', 'futsal h√†n qu·ªëc vs futsal vi·ªát nam', 'vi·ªát nam', 'tr·ª±c ti·∫øp vi·ªát nam vs h√†n qu·ªëc futsal', 'tr·ª±c ti·∫øp futsal h√†n qu·ªëc vs futsal vi·ªát nam', 'ƒët futsal vi·ªát nam', 'h√†n qu·ªëc vs vi·ªát nam', 'tr·ª±c ti·∫øp h√†n qu·ªëc vs vi·ªát nam', 'futsal', 'soi k√®o h√†n qu·ªëc vs vi·ªát nam 28/9/2022', 'h√†n qu·ªëc']",PT11M30S,bosses fighting skibidi dop dop dop yes yes map: https://steamcommunity.com/sharedfiles/filedetails/?id=1443096823 models ...,0,0,0
ZU7F6HLsoY8,2023-05-16T06:00:11Z,UCsSsgPaZ2GSmO6il8Cb5iGA,skibidi toilet - season 7 (all episodes),DaFuq!?Boom!,"['ƒë·ªôi tuy·ªÉn vi·ªát nam', 'vi·ªát nam vs h√†n qu·ªëc', 'futsal vi·ªát nam', 'futsal vi·ªát nam vs futsal h√†n qu·ªëc', 'b√≥ng ƒë√° vi·ªát nam', 'tr·ª±c ti·∫øp futsal vi·ªát nam vs futsal h√†n qu·ªëc', 'u23 vi·ªát nam', 'tr·ª±c ti·∫øp vi·ªát nam vs h√†n qu·ªëc', 'futsal h√†n qu·ªëc vs futsal vi·ªát nam', 'vi·ªát nam', 'tr·ª±c ti·∫øp vi·ªát nam vs h√†n qu·ªëc futsal', 'tr·ª±c ti·∫øp futsal h√†n qu·ªëc vs futsal vi·ªát nam', 'ƒët futsal vi·ªát nam', 'h√†n qu·ªëc vs vi·ªát nam', 'tr·ª±c ti·∫øp h√†n qu·ªëc vs vi·ªát nam', 'futsal', 'soi k√®o h√†n qu·ªëc vs vi·ªát nam 28/9/2022', 'h√†n qu·ªëc']",PT11M30S,21-23 episodes of skibidi toilet a.k.a. as toilet in ohio skibidi dop dop dop yes yes skibidi double u reeh reeh Respectful assets ...,0,0,0
TLFvehTOG48,2023-04-30T03:00:18Z,UCsSsgPaZ2GSmO6il8Cb5iGA,skibidi toilet - season 3 (all episodes),DaFuq!?Boom!,"['ƒë·ªôi tuy·ªÉn vi·ªát nam', 'vi·ªát nam vs h√†n qu·ªëc', 'futsal vi·ªát nam', 'futsal vi·ªát nam vs futsal h√†n qu·ªëc', 'b√≥ng ƒë√° vi·ªát nam', 'tr·ª±c ti·∫øp futsal vi·ªát nam vs futsal h√†n qu·ªëc', 'u23 vi·ªát nam', 'tr·ª±c ti·∫øp vi·ªát nam vs h√†n qu·ªëc', 'futsal h√†n qu·ªëc vs futsal vi·ªát nam', 'vi·ªát nam', 'tr·ª±c ti·∫øp vi·ªát nam vs h√†n qu·ªëc futsal', 'tr·ª±c ti·∫øp futsal h√†n qu·ªëc vs futsal vi·ªát nam', 'ƒët futsal vi·ªát nam', 'h√†n qu·ªëc vs vi·ªát nam', 'tr·ª±c ti·∫øp h√†n qu·ªëc vs vi·ªát nam', 'futsal', 'soi k√®o h√†n qu·ªëc vs vi·ªát nam 28/9/2022', 'h√†n qu·ªëc']",PT11M30S,9-11 episodes of skibidi toilet a.k.a. as toilet in ohio skibidi dop dop dop yes yes skibidi double u reeh reeh credits: suit models ...,0,0,0
T7mLBCdfx30,2023-05-12T08:00:09Z,UCsSsgPaZ2GSmO6il8Cb5iGA,skibidi toilet - season 6 (all episodes),DaFuq!?Boom!,"['ƒë·ªôi tuy·ªÉn vi·ªát nam', 'vi·ªát nam vs h√†n qu·ªëc', 'futsal vi·ªát nam', 'futsal vi·ªát nam vs futsal h√†n qu·ªëc', 'b√≥ng ƒë√° vi·ªát nam', 'tr·ª±c ti·∫øp futsal vi·ªát nam vs futsal h√†n qu·ªëc', 'u23 vi·ªát nam', 'tr·ª±c ti·∫øp vi·ªát nam vs h√†n qu·ªëc', 'futsal h√†n qu·ªëc vs futsal vi·ªát nam', 'vi·ªát nam', 'tr·ª±c ti·∫øp vi·ªát nam vs h√†n qu·ªëc futsal', 'tr·ª±c ti·∫øp futsal h√†n qu·ªëc vs futsal vi·ªát nam', 'ƒët futsal vi·ªát nam', 'h√†n qu·ªëc vs vi·ªát nam', 'tr·ª±c ti·∫øp h√†n qu·ªëc vs vi·ªát nam', 'futsal', 'soi k√®o h√†n qu·ªëc vs vi·ªát nam 28/9/2022', 'h√†n qu·ªëc']",PT11M30S,18-20 episodes of skibidi toilet a.k.a. as toilet in ohio skibidi dop dop dop yes yes skibidi double u reeh reeh credits: camera 1 ...,0,0,0
U_lrep5F8gE,2023-04-25T08:15:02Z,UCsSsgPaZ2GSmO6il8Cb5iGA,skibidi toilet 9,DaFuq!?Boom!,"['ƒë·ªôi tuy·ªÉn vi·ªát nam', 'vi·ªát nam vs h√†n qu·ªëc', 'futsal vi·ªát nam', 'futsal vi·ªát nam vs futsal h√†n qu·ªëc', 'b√≥ng ƒë√° vi·ªát nam', 'tr·ª±c ti·∫øp futsal vi·ªát nam vs futsal h√†n qu·ªëc', 'u23 vi·ªát nam', 'tr·ª±c ti·∫øp vi·ªát nam vs h√†n qu·ªëc', 'futsal h√†n qu·ªëc vs futsal vi·ªát nam', 'vi·ªát nam', 'tr·ª±c ti·∫øp vi·ªát nam vs h√†n qu·ªëc futsal', 'tr·ª±c ti·∫øp futsal h√†n qu·ªëc vs futsal vi·ªát nam', 'ƒët futsal vi·ªát nam', 'h√†n qu·ªëc vs vi·ªát nam', 'tr·ª±c ti·∫øp h√†n qu·ªëc vs vi·ªát nam', 'futsal', 'soi k√®o h√†n qu·ªëc vs vi·ªát nam 28/9/2022', 'h√†n qu·ªëc']",PT11M30S,cameramen vs toilet in ohio season 3 beginning skibidi dop dop dop yes yes credits: map ...,0,0,0
KUhpj5dQack,2023-05-09T08:00:09Z,UCsSsgPaZ2GSmO6il8Cb5iGA,skibidi toilet 18,DaFuq!?Boom!,"['ƒë·ªôi tuy·ªÉn vi·ªát nam', 'vi·ªát nam vs h√†n qu·ªëc', 'futsal vi·ªát nam', 'futsal vi·ªát nam vs futsal h√†n qu·ªëc', 'b√≥ng ƒë√° vi·ªát nam', 'tr·ª±c ti·∫øp futsal vi·ªát nam vs futsal h√†n qu·ªëc', 'u23 vi·ªát nam', 'tr·ª±c ti·∫øp vi·ªát nam vs h√†n qu·ªëc', 'futsal h√†n qu·ªëc vs futsal vi·ªát nam', 'vi·ªát nam', 'tr·ª±c ti·∫øp vi·ªát nam vs h√†n qu·ªëc futsal', 'tr·ª±c ti·∫øp futsal h√†n qu·ªëc vs futsal vi·ªát nam', 'ƒët futsal vi·ªát nam', 'h√†n qu·ªëc vs vi·ªát nam', 'tr·ª±c ti·∫øp h√†n qu·ªëc vs vi·ªát nam', 'futsal', 'soi k√®o h√†n qu·ªëc vs vi·ªát nam 28/9/2022', 'h√†n qu·ªëc']",PT11M30S,something big has arrived. skibidi dop dop dop yes yes credits: map ...,0,0,0
AXihAMb_cv8,2023-05-27T12:52:36Z,UCsSsgPaZ2GSmO6il8Cb5iGA,skibidi toilet 31,DaFuq!?Boom!,"['ƒë·ªôi tuy·ªÉn vi·ªát nam', 'vi·ªát nam vs h√†n qu·ªëc', 'futsal vi·ªát nam', 'futsal vi·ªát nam vs futsal h√†n qu·ªëc', 'b√≥ng ƒë√° vi·ªát nam', 'tr·ª±c ti·∫øp futsal vi·ªát nam vs futsal h√†n qu·ªëc', 'u23 vi·ªát nam', 'tr·ª±c ti·∫øp vi·ªát nam vs h√†n qu·ªëc', 'futsal h√†n qu·ªëc vs futsal vi·ªát nam', 'vi·ªát nam', 'tr·ª±c ti·∫øp vi·ªát nam vs h√†n qu·ªëc futsal', 'tr·ª±c ti·∫øp futsal h√†n qu·ªëc vs futsal vi·ªát nam', 'ƒët futsal vi·ªát nam', 'h√†n qu·ªëc vs vi·ªát nam', 'tr·ª±c ti·∫øp h√†n qu·ªëc vs vi·ªát nam', 'futsal', 'soi k√®o h√†n qu·ªëc vs vi·ªát nam 28/9/2022', 'h√†n qu·ªëc']",PT11M30S,skibidi toilet parasites attack skibidi dop dop dop yes yes Respectful assets used in the video: map ...,0,0,0
